<!--

    Licensed under the Apache License, Version 2.0 (the "License");
    you may not use this file except in compliance with the License.
    You may obtain a copy of the License at

         http://www.apache.org/licenses/LICENSE-2.0

    Unless required by applicable law or agreed to in writing, software
    distributed under the License is distributed on an "AS IS" BASIS,
    WITHOUT WARRANTIES OR CONDITIONS OF ANY KIND, either express or implied.
    See the License for the specific language governing permissions and
    limitations under the License.

    See the NOTICE file distributed with this work for additional
    information regarding copyright ownership.

-->
<assembly xmlns="http://maven.apache.org/ASSEMBLY/2.0.0"
	xmlns:xsi="http://www.w3.org/2001/XMLSchema-instance"
	xsi:schemaLocation="http://maven.apache.org/ASSEMBLY/2.0.0 http://maven.apache.org/xsd/assembly-2.0.0.xsd">
	<id>jar-with-dependencies</id>
	<formats>
		<format>jar</format>
	</formats>
	<includeBaseDirectory>false</includeBaseDirectory>
	<files>
		<file>
			<source>target/unpack/plugin.properties</source>
			<outputDirectory>/</outputDirectory>
		</file>
	</files>
	<dependencySets>
		<dependencySet>
			<outputDirectory>/</outputDirectory>
			<useProjectArtifact>true</useProjectArtifact>
			<unpack>true</unpack>
			<scope>runtime</scope>
			<unpackOptions>
				<excludes>
					<exclude>**/plugin.properties</exclude>
				</excludes>
			</unpackOptions>
		</dependencySet>
	</dependencySets>
</assembly>